"TYPE","PARENT","STATE","COMPLETED","FOCUS","NAME","TAGS","TIME","ENERGY","WAITINGFOR","STARTDATE","DUEDATE","NOTES",
"Task","Standalone","Inbox","","","Fwd: Aaron brokovich","","","","","","","---------- Forwarded message ----------From: <accrist@gmail.com>Date: Mon, May 8, 2017 at 10:15 AMSubject: Aaron brokovichTo: accrist@gmail.com",
"Task","Standalone","Inbox","","","Get battery anti corrosion stuff and […]","","","","","","","Get battery anti corrosion stuff and install",
"Task","Standalone","Inbox","","","Patriots day?","","","","","","","",
"Task","Standalone","Inbox","","","Keen on","","","","","","","",
"Task","Standalone","Inbox","","","Gnutls","","","","","","","",
"Task","Standalone","Next","","Yes","Daily Planning","self care","10","Medium","","","2017-06-12","",
"Task","Standalone","Next","","Yes","Daily Planning","self care","10","Medium","","","2017-05-30","",
"Task","Standalone","Next","","Yes","Daily Planning","self care","10","Medium","","","2017-05-13","",
"Task","Standalone","Next","","Yes","Daily Planning","self care","10","Medium","","","2017-06-07","",
"Task","Standalone","Next","","Yes","Master Plan - Check 'Later'","self care","45","Medium","","","2017-05-14","",
"Task","Standalone","Next","","Yes","Daily Planning","self care","10","Medium","","","2017-05-14","",
"Task","Standalone","Next","","Yes","Daily Planning","self care","10","Medium","","","2017-06-02","",
"Task","Standalone","Next","","Yes","Daily Planning","self care","10","Medium","","","2017-05-18","",
"Task","Standalone","Next","","","Learn to avoid losing things","business,human","60","Medium","","","","",
"Task","Standalone","Next","","Yes","Daily Planning","self care","10","Medium","","","2017-05-10","",
"Task","Standalone","Next","","Yes","give random flowers to K","family","45","Medium","","","","",
"Task","Standalone","Next","","","put coolant in car","home in Orem only,human","30","Medium","","","","",
"Task","Standalone","Next","","Yes","Daily Planning","self care","10","Medium","","","2017-05-22","",
"Task","Standalone","Next","","Yes","Master Plan - Check 'Later'","self care","45","Medium","","","2017-06-04","",
"Task","Standalone","Next","","Yes","download hashtag pictures & video -> compile media repository","Kelsey,family","45","Low","","","2017-02-27","",
"Task","Standalone","Next","","Yes","Daily Planning","self care","10","Medium","","","2017-06-04","",
"Task","Standalone","Next","","","Do gun return","human","10","Low","","","","",
"Task","Standalone","Next","","Yes","Daily Planning","self care","10","Medium","","","2017-05-15","",
"Task","Standalone","Next","","Yes","Daily Planning","self care","10","Medium","","","2017-05-12","",
"Task","Standalone","Next","","Yes","Daily Planning","self care","10","Medium","","","2017-05-09","",
"Task","Standalone","Next","","","pick BYU concerts","Grandma,family","30","Medium","","","","",
"Task","Standalone","Next","","Yes","Daily Planning","self care","10","Medium","","","2017-05-23","",
"Task","Standalone","Next","","Yes","Daily Planning","self care","10","Medium","","","2017-05-27","",
"Task","Standalone","Next","","Yes","evaluate R lateral pectoralis injury recovery status","self care","30","Medium","","","","need PT?",
"Task","Standalone","Next","","Yes","Daily Planning","self care","10","Medium","","","2017-05-26","",
"Task","Standalone","Next","","Yes","Daily Planning","self care","10","Medium","","","2017-06-06","",
"Task","Standalone","Next","","Yes","Daily Planning","self care","10","Medium","","","2017-05-25","",
"Task","Standalone","Next","","Yes","Daily Planning","self care","10","Medium","","","2017-05-24","",
"Task","Standalone","Next","","Yes","Master Plan - Check 'Later'","self care","45","Medium","","","2017-05-28","",
"Task","Standalone","Next","","Yes","Daily Planning","self care","10","Medium","","","2017-05-28","",
"Task","Standalone","Next","","","look for headphones","home in Orem only,human","30","High","","","","",
"Task","Standalone","Next","","Yes","Master Plan - Check 'Later'","self care","45","Medium","","","2017-06-11","",
"Task","Standalone","Next","","Yes","Daily Planning","self care","10","Medium","","","2017-06-11","",
"Task","Standalone","Next","","Yes","Daily Planning","self care","10","Medium","","","2017-06-09","",
"Task","Standalone","Next","","Yes","Daily Planning","self care","10","Medium","","","2017-06-03","",
"Task","Standalone","Next","","Yes","Daily Planning","self care","10","Medium","","","2017-05-20","",
"Task","Standalone","Next","","Yes","Process records from IHC for $","business,human","60","High","","","","",
"Task","Standalone","Next","","Yes","Daily Planning","self care","10","Medium","","","2017-06-10","",
"Task","Standalone","Next","","Yes","Daily Planning","self care","10","Medium","","","2017-05-19","",
"Task","Standalone","Next","","Yes","Master Plan - Check 'Later'","self care","45","Medium","","","2017-05-21","",
"Task","Standalone","Next","","Yes","Daily Planning","self care","10","Medium","","","2017-05-21","",
"Task","Standalone","Next","","Yes","Daily Planning","self care","10","Medium","","","2017-05-31","",
"Task","Standalone","Next","","Yes","Daily Planning","self care","10","Medium","","","2017-05-17","",
"Task","Standalone","Next","","Yes","Daily Planning","self care","10","Medium","","","2017-05-16","",
"Task","Standalone","Next","","Yes","Daily Planning","self care","10","Medium","","","2017-06-01","",
"Task","Standalone","Next","","","get tire stem caps","home in Orem only,human","45","Medium","","","","",
"Task","Standalone","Next","","","decide: Practice voice 30 min/ day?","self care","15","High","","","","",
"Task","Standalone","Next","","Yes","Daily Planning","self care","10","Medium","","","2017-05-11","",
"Task","Standalone","Next","","Yes","Daily Planning","self care","10","Medium","","","2017-05-29","",
"Task","Standalone","Next","","Yes","Daily Planning","self care","10","Medium","","","2017-06-05","",
"Task","Standalone","Next","","Yes","Daily Planning","self care","10","Medium","","","2017-06-08","",
"Task","Standalone","Next","","Yes","Master Plan - Check 'Later'","self care","45","Medium","","","2017-05-07","",
"Task","Cryophor","Next","","","Get heat exchanger","self care","45","Medium","","","","",
"Task","Altius conversions","Next","","","bill","","15","High","","","","",
"Task","Standalone*","Next","2016-02-14","","Read The Book","","","","","","","Getting Things Done: The Art of Stress-Free Productivity, by David Allen http://nirvanahq.com/go/readthebook",
"Task","Standalone*","Next","2016-02-14","","Follow our Blog","","","Low","","","","We encourage you to follow our blog for the latest news and updates. http://nirvanahq.com/go/blog",
"Task","Gratitude notes for medical school","Next","","","Melissa Kendall","","15","Low","","","","",
"Task","Gratitude notes for medical school","Next","","","Will Shakespeare","","15","Low","","","","shadow & personal statement writing",
"Task","Gratitude notes for medical school","Next","","","Brad Root","","15","Low","","","","",
"Task","Gratitude notes for medical school","Next","","","Scott Parkinson","","15","Low","","","","",
"Task","Gratitude notes for medical school","Next","","","Justin Wilkinson","","15","Low","","","","",
"Task","Gratitude notes for medical school","Next","","","Don Van Boerum","","15","Low","","","","Arguably most influential",
"Task","Gratitude notes for medical school","Next","","","Steve Johnson","","15","Low","","","","",
"Task","Gratitude notes for medical school","Next","","","President King","","45","Low","","","","",
"Task","Gratitude notes for medical school","Next","","","Dave Blume","","15","Low","","","","",
"Task","Gratitude notes for medical school","Next","","","Jennie Reese","","30","Low","","","","",
"Task","Gratitude notes for medical school","Next","","","Anick Malmstrom","","15","Low","","","","",
"Task","Gratitude notes for medical school","Next","","","Bruce Olsen","","30","Medium","","","","",
"Task","Gratitude notes for medical school","Next","","","tell grandma about scarf on mission sometime","Grandma,Kelsey,family","30","Medium","","","","put in thank you note for wedding & living situation",
"Task","Standalone","Someday","","","Cat bite danger","professional dev,self care","","","","","","",
"Task","Standalone","Someday","","","Fwd: Astro Queen vocal","","","","","","","---------- Forwarded message ----------From: <accrist@gmail.com>Date: Tue, Apr 25, 2017 at 1:36 AMSubject: Astro Queen vocalTo: accrist@gmail.com",
"Task","Standalone","Someday","","","Regex scriptures","","","","","","","",
"Task","Standalone","Someday","","","Writing course","professional dev","","","","","","",
"Task","Standalone","Inactive/Later","","","Put REI membership in Samsung pay","","","","","","","",
"Task","Standalone","Inactive/Later","","","Ffmpeg wrapper for conversions. Could […]","","","","","","","Ffmpeg wrapper for conversions. Could delay.",
"Task","Standalone","Inactive/Later","","","Dad spreadsheet project","family,home in Orem only","120","Low","","","","",
"Task","Standalone","Inactive/Later","","","Fwd: loans","","","","","","","---------- Forwarded message ----------From: Alex Crist <accrist@gmail.com>Date: Thu, Apr 20, 2017 at 6:39 PMSubject: loansTo: Alex Conrad Crist <accrist@gmail.com>",
"Task","Standalone","Inactive/Later","","","Fwd: Get Adderall fast and build up supply","","","","","","","---------- Forwarded message ----------From: <accrist@gmail.com>Date: Tue, Apr 18, 2017 at 12:41 AMSubject: Get Adderall fast and build up supplyTo: accrist@gmail.com",
"Task","Standalone","Inactive/Later","","","Get K blessing","","","","","","","",
"Task","Standalone","Inactive/Later","","","Fwd: Goals","","","","","","","---------- Forwarded message ----------From: Alex Crist <accrist@gmail.com>Date: Wed, Mar 22, 2017 at 9:18 AMSubject: GoalsTo: Alex Conrad Crist <accrist@gmail.com>Traditional Bench 205Traditional deadlift 325Strict press 135Back Squat 225",
"Task","Standalone","Inactive/Later","","","Langer research in medicine - emulate","","","","","","","",
"Task","Standalone","Inactive/Later","","","How to model eradication and need […]","","","","","","","How to model eradication and need immunity? Taming rabies",
"Task","Standalone","Inactive/Later","","","Do immunizations","","","","","","","",
"Task","Standalone","Inactive/Later","","","Tooushee bidet thing","","","","","","","",
"Task","Standalone","Inactive/Later","","","Furry logic book","","","","","","","",
"Task","Standalone","Inactive/Later","","","Look at carbon monoxide detector","","","","","","","",
"Task","Standalone","Inactive/Later","","","write gratitude notes for required wedding guests","","","","","","","",
"Task","Standalone","Inactive/Later","","","Make appointments with eye doctor","","","","","","","",
"Task","Standalone","Inactive/Later","","","submit aflac claims","","","","","","","",
"Task","Standalone","Inactive/Later","","","Renew drivers license","","","","","","","",
"Task","Standalone","Inactive/Later","","","bin for seasonal items on way out","","","","","","","",
"Task","Standalone","Inactive/Later","","","Hashtag video","","","","","","","",
"Task","Standalone","Trash","","Yes","Daily Planning","self care","10","Medium","","","2017-03-28","",
"Task","Standalone","Trash","","Yes","Daily Planning","self care","10","Medium","","","2017-04-26","",
"Task","Standalone","Trash","","","Learning techniques","professional dev","","","","","","",
"Task","Standalone","Trash","","","academy logo thing","","","","","","","namenumberacademy mortgagedad emails colorscircular - 1.5 in diameterfit in circle, however is okaycolor text maybe circular",
"Task","Standalone","Trash","","","Other preparation at least because of work boredom","professional dev","30","Medium","","","","",
"Task","Standalone","Trash","","Yes","Shiz","","","","","","2016-12-31","",
"Task","Standalone","Trash","","","Find ring you idiot","","","","","","","",
"Task","Standalone","Trash","","Yes","Daily Planning","self care","10","Medium","","","2017-04-19","",
"Task","Standalone","Trash","","","Love will tear is apart","","","","","","","",
"Task","Standalone","Trash","","","Sorry to Julie Bleazard?","","","","","","","",
"Task","Standalone","Trash","","Yes","Daily Planning","self care","10","Medium","","","2017-04-22","",
"Task","Standalone","Trash","","Yes","Daily Planning","self care","10","Medium","","","2017-03-23","",
"Task","Standalone","Trash","","","Don't waste life please","","","","","","","",
"Task","Standalone","Trash","","","Finish addresses","","","","","","","",
"Task","Standalone","Trash","","Yes","Daily Planning","self care","10","Medium","","","2017-03-13","",
"Task","Standalone","Trash","","","Mastodon","","","","","","","",
"Task","Standalone","Trash","","Yes","Daily Planning","self care","10","Medium","","","2017-03-08","",
"Task","Standalone","Trash","","","Recommend","","","","","","","",
"Task","Standalone","Trash","","","Kill briefing","","","","","","","",
"Task","Standalone","Trash","","","apparently more Altius stuff","","","","","","","",
"Task","Standalone","Trash","","","drop a Deuce","","15","Low","","","","",
"Task","Standalone","Trash","","Yes","Daily Planning","self care","10","Medium","","","2017-04-28","",
"Task","Standalone","Trash","","","Pull down and decide on gel times in […]","","","","","","","Pull down and decide on gel times in Dropbox",
"Task","Standalone","Trash","","Yes","Master Plan - Check 'Later'","self care","45","Medium","","","2017-04-16","",
"Task","Standalone","Trash","","Yes","Daily Planning","self care","10","Medium","","","2017-04-16","",
"Task","Standalone","Trash","","","","","","","","","","",
"Task","Standalone","Trash","","Yes","Master Plan - Check 'Later'","self care","45","Medium","","","2017-02-26","",
"Task","Standalone","Trash","","Yes","Master Plan - Check 'Later'","self care","45","Medium","","","2017-04-23","",
"Task","Standalone","Trash","","Yes","Daily Planning","self care","10","Medium","","","2017-04-23","",
"Task","Standalone","Trash","","Yes","Daily Planning","self care","10","Medium","","","2017-03-10","",
"Task","Standalone","Trash","","Yes","do lunch in advance","human","60","High","","","2017-03-12","",
"Task","Standalone","Trash","","","thank you notes to doctors and letter writers","professional dev","180","Medium","","","2017-06-30","",
"Task","Standalone","Trash","","","Develop cryOS to usable level","self care","240","High","","","","",
"Task","Standalone","Trash","","Yes","check old medical bills again","business,home in Orem only","15","High","","","2017-02-01","",
"Task","Standalone","Trash","","Yes","Daily Planning","self care","10","Medium","","","2017-03-19","",
"Task","Standalone","Trash","","","Get heat transfer stage","self care","240","High","","","","",
"Task","Standalone","Trash","","","consider PT for shoulder problem","human","10","Medium","","","","",
"Task","Standalone","Trash","","Yes","do lunch in advance","home in Orem only,human","60","High","","","2017-01-14","",
"Task","Standalone","Trash","","","theology research","church","10","Medium","","","","",
"Task","Standalone","Trash","","","reset Anki decks","","","","","","","",
"Task","Standalone","Trash","","Yes","return leather case","home in Orem only,human","15","Medium","","","2017-02-01","",
"Task","Standalone","Trash","","","laundry","human","30","Medium","","","","",
"Task","Standalone","Trash","","Yes","Master Plan - Check 'Later'","self care","45","Medium","","","2017-03-26","",
"Task","Standalone","Trash","","","tithing","church","45","High","","","","",
"Task","Standalone","Trash","","","On desktop? click the note icon →","","10","","","","","If you're on a desktop or laptop, there are a number of tricks you'll find indispensable: - Drag-n-drop to move and sort - Right-click and see what happens - Press N to create a new action",
"Task","Standalone","Trash","","Yes","Daily Planning","self care","10","Medium","","","2017-03-26","",
"Task","Standalone","Trash","","","blow out air filter","human","15","Medium","","","","",
"Task","Standalone","Trash","","","take out garbage","human","15","Medium","","","","",
"Task","Standalone","Trash","","","Clean out the attic","human","","","","","","just kidding",
"Task","Standalone","Trash","","Yes","Daily Planning","self care","10","Medium","","","2017-04-24","",
"Task","Standalone","Trash","","Yes","Daily Planning","self care","10","Medium","","","2017-04-17","",
"Task","Standalone","Trash","2016-12-28","","Brush up on GTD®","","","","","","","",
"Task","Standalone","Trash","","","samsung gear s3?","self care","15","Low","","","","",
"Task","Standalone","Trash","2016-12-27","","Read our Getting Started tutorial","","5","","","","","In this quick read (5 minutes) we walk through the high-level GTD® workflow as explained in the book, Getting Things Done: The Art of Stress-Free Productivity, and highlight how it applies to getting things done with Nirvana. http://nirvanahq.com/go/getting-started",
"Task","Standalone","Trash","","Yes","Daily Planning","self care","10","Medium","","","2017-03-16","",
"Task","Standalone","Trash","","","Dry clean suit immediately","","","","","","","",
"Task","Standalone","Trash","","Yes","Daily Planning","self care","10","Medium","","","2017-04-30","",
"Task","Standalone","Trash","","","laundry","human","30","Medium","","","","",
"Task","Standalone","Trash","","Yes","Daily Planning","self care","10","Medium","","","2017-04-27","",
"Task","Standalone","Trash","","Yes","Bring back real estate stuff to allow […]","Dad,business","15","Low","","","2017-03-02","Bring back real estate stuff to allow for write off",
"Task","Standalone","Trash","","Yes","Plan valentine's","Kelsey,family","30","High","","","2017-02-16","",
"Task","Standalone","Trash","","Yes","Daily Planning","self care","10","Medium","","","2017-03-14","",
"Task","Standalone","Trash","","","Midwestern tasks like vaccinations […]","","","","","","","Midwestern tasks like vaccinations excepting titers, check for any more",
"Task","Standalone","Trash","","Yes","Daily Planning","self care","10","Medium","","","2017-04-15","",
"Task","Standalone","Trash","","","Do financial applications for midwestern […]","","","","","","","Do financial applications for midwestern",
"Task","Standalone","Trash","","","laundry","human","30","Medium","","","","",
"Task","Standalone","Trash","","Yes","Daily Planning","self care","10","Medium","","","2017-03-11","",
"Task","Standalone","Trash","","Yes","theology research","church","10","Medium","","","2017-01-04","",
"Task","Standalone","Trash","","","Write letters to work folks","","","","","","","",
"Task","Standalone","Trash","","Yes","prepare mistake package for mail","home in Orem only,human","10","High","","","2017-01-06","",
"Task","Standalone","Trash","","Yes","Daily Planning","self care","10","Medium","","","2017-03-15","",
"Task","Standalone","Trash","","Yes","Daily Planning","self care","10","Medium","","","2017-03-20","",
"Task","Standalone","Trash","","Yes","Daily Planning","self care","10","Medium","","","2017-04-03","",
"Task","Standalone","Trash","","","Hey gladiator ost","","","","","","","",
"Task","Standalone","Trash","","","do lunch in advance","human","60","High","","","","",
"Task","Standalone","Trash","","Yes","Daily Planning","self care","10","Medium","","","2017-03-17","",
"Task","Standalone","Trash","","Yes","Daily Planning","self care","10","Medium","","","2017-03-03","",
"Task","Standalone","Trash","","Yes","do lunch in advance","human","60","High","","","2017-03-19","",
"Task","Standalone","Trash","","Yes","do lunch in advance","human","60","High","","","2017-03-05","",
"Task","Standalone","Trash","","","new passage 1","","15","Low","","","","",
"Task","Standalone","Trash","","","new passage 2","","15","Low","","","","",
"Task","Standalone","Trash","","","laundry","human","30","Medium","","","","",
"Task","Standalone","Trash","","Yes","Daily Planning","self care","10","Medium","","","2017-03-18","",
"Task","Standalone","Trash","","Yes","Daily Planning","self care","10","Medium","","","2017-03-29","",
"Task","Standalone","Trash","","","Watch President hinckley interviews?","church","","","","","","",
"Task","Standalone","Trash","","","Get up earlier gradually","","","","","","","",
"Task","Standalone","Trash","","Yes","Daily Planning","self care","10","Medium","","","2017-04-18","",
"Task","Standalone","Trash","","Yes","Daily Planning","self care","10","Medium","","","2017-04-07","",
"Task","Standalone","Trash","","Yes","Master Plan - Check 'Later'","self care","45","Medium","","","2017-04-09","",
"Task","Standalone","Trash","","Yes","Daily Planning","self care","10","Medium","","","2017-04-09","",
"Task","Standalone","Trash","","Yes","Master Plan - Check 'Later'","self care","45","Medium","","","2017-04-02","",
"Task","Standalone","Trash","","Yes","Daily Planning","self care","10","Medium","","","2017-04-02","",
"Task","Standalone","Trash","","","I look","","","","","","","",
"Task","Standalone","Trash","","","I am a noob","","","","","","","",
"Task","Standalone","Trash","","","temple - have name","","","","","","","",
"Task","Standalone","Trash","","","Reach throigh parents","","","","","","","",
"Task","Standalone","Trash","","","Jxnxnzj","","","","","","","",
"Task","Standalone","Trash","","Yes","Daily Planning","self care","10","Medium","","","2017-04-04","",
"Task","Standalone","Trash","","","Test","","","","","","","",
"Task","Standalone","Trash","","","Tell success Academy to talk to Rocky Vista","","","","","","","",
"Task","Standalone","Trash","","","laundry","human","30","Medium","","","","",
"Task","Standalone","Trash","","Yes","Daily Planning","self care","10","Medium","","","2017-03-04","",
"Task","Standalone","Trash","","","Clean car instead of wasting night","","","","","","","",
"Task","Standalone","Trash","","Yes","Daily Planning","self care","10","Medium","","","2017-04-01","",
"Task","Standalone","Trash","","","Finest recommend","","","","","","","",
"Task","Standalone","Trash","","","website: link registry","","","","","","","",
"Task","Standalone","Trash","","","website: story: well written without adverbs","","","","","","","",
"Task","Standalone","Trash","","Yes","Send transcript to Midwestern","only on errand-run,professional dev","45","Medium","","","2017-01-13","",
"Task","Standalone","Trash","","","website: parking instructions around and overpass","","","","","","","",
"Task","Standalone","Trash","","","website: can we create orphan pages for dinner and sealing specific information","","","","","","","",
"Task","Standalone","Trash","","Yes","Daily Planning","self care","10","Medium","","","2017-04-25","",
"Task","Standalone","Trash","","Yes","Daily Planning","self care","10","Medium","","","2017-03-01","",
"Task","Standalone","Trash","","Yes","Daily Planning","self care","10","Medium","","","2017-03-24","",
"Task","Standalone","Trash","","","Discord for Linux","","","","","","","",
"Task","Standalone","Trash","","Yes","Daily Planning","self care","10","Medium","","","2017-03-31","",
"Task","Standalone","Trash","","Yes","Daily Planning","self care","10","Medium","","","2017-03-06","",
"Task","Standalone","Trash","","Yes","Daily Planning","self care","10","Medium","","","2017-03-25","",
"Task","Standalone","Trash","","","Weekly Planning","","","","","","","",
"Task","Standalone","Trash","","Yes","Daily Planning","self care","10","Medium","","","2017-04-08","",
"Task","Standalone","Trash","","","The face of battle by John Keagan","","","","","","","",
"Task","Standalone","Trash","","","Destroy all gross garments to celebrate […]","","","","","","","Destroy all gross garments to celebrate marriage",
"Task","Standalone","Trash","","","Woodkid","","","","","","","",
"Task","Standalone","Trash","","Yes","Daily Planning","self care","10","Medium","","","2017-04-14","",
"Task","Standalone","Trash","","","laundry","human","30","Medium","","","","",
"Task","Standalone","Trash","","Yes","Daily Planning","self care","10","Medium","","","2017-04-05","",
"Task","Standalone","Trash","","Yes","registry but for smattering, most are gift cards","family,home in Orem only","","Low","","","2017-01-09","",
"Task","Standalone","Trash","2017-02-27","Yes","Master Plan - Check 'Later'","self care","45","Medium","","","2017-02-19","",
"Task","Standalone","Trash","","","I pencil","","","","","","","",
"Task","Standalone","Trash","","","investigate orphan pages for dinner and sealing","","","","","","","",
"Task","Standalone","Trash","","Yes","Daily Planning","self care","10","Medium","","","2017-04-06","",
"Task","Standalone","Trash","","","laundry","human","30","Medium","","","","",
"Task","Standalone","Trash","","Yes","Daily Planning","self care","10","Medium","","","2017-04-12","",
"Task","Standalone","Trash","","Yes","Daily Planning","self care","10","Medium","","","2017-04-21","",
"Task","Standalone","Trash","","Yes","Master Plan - Check 'Later'","self care","45","Medium","","","2017-03-12","",
"Task","Standalone","Trash","","Yes","Daily Planning","self care","10","Medium","","","2017-03-12","",
"Task","Standalone","Trash","","Yes","Daily Planning","self care","10","Medium","","","2017-03-02","",
"Task","Standalone","Trash","","Yes","Daily Planning","self care","10","Medium","","","2017-05-01","",
"Task","Standalone","Trash","","","Really get after midwestern tasks","","","","","","","",
"Task","Standalone","Trash","","","Ensure good signs are available","","","","","","","",
"Task","Standalone","Trash","","Yes","Daily Planning","self care","10","Medium","","","2017-03-21","",
"Task","Standalone","Trash","","","Work on lats and push-ups? At home","","","","","","","",
"Task","Standalone","Trash","","","be sure there's nothing from midwestern","","","","","","","",
"Task","Standalone","Trash","","Yes","Daily Planning","self care","10","Medium","","","2017-03-30","",
"Task","Standalone","Trash","","","do lunch in advance","human","60","High","","","","",
"Task","Standalone","Trash","","Yes","Daily Planning","self care","10","Medium","","","2017-03-27","",
"Task","Standalone","Trash","","","Do recoding or progress is lost","","","","","","","",
"Task","Standalone","Trash","","Yes","Daily Planning","self care","10","Medium","","","2017-03-09","",
"Task","Standalone","Trash","","Yes","Daily Planning","self care","10","Medium","","","2017-02-28","",
"Task","Standalone","Trash","","Yes","Daily Planning","self care","10","Medium","","","2017-04-13","",
"Task","Standalone","Trash","","","remote tray","","","","","","","",
"Task","Standalone","Trash","","Yes","Master Plan - Check 'Later'","self care","45","Medium","","","2017-03-05","",
"Task","Standalone","Trash","","Yes","Daily Planning","self care","10","Medium","","","2017-03-05","",
"Task","Standalone","Trash","","","do lunch in advance","human","60","High","","","","",
"Task","Standalone","Trash","","Yes","Daily Planning","self care","10","Medium","","","2017-04-29","",
"Task","Standalone","Trash","","Yes","Daily Planning","self care","10","Medium","","","2017-03-22","",
"Task","Standalone","Trash","","Yes","Daily Planning","self care","10","Medium","","","2017-04-10","",
"Task","Standalone","Trash","","","Look at scriptures","","","","","","","",
"Task","Standalone","Trash","","Yes","Daily Planning","self care","10","Medium","","","2017-04-20","",
"Task","Standalone","Trash","","Yes","Daily Planning","self care","10","Medium","","","2017-03-07","",
"Task","Standalone","Trash","","Yes","Daily Planning","self care","10","Medium","","","2017-04-11","",
"Task","Standalone","Trash","","","Faster reading speed?","","","","","","","",
"Task","Standalone","Logbook","2017-05-08","Yes","Daily Planning","self care","10","Medium","","","2017-05-07","",
"Task","Standalone","Logbook","2017-05-01","","gift for dad","","","","","","","",
"Task","Standalone","Logbook","2017-01-14","","password generation project - NATO graph path candidate selection","self care","30","Low","","","","",
"Task","Standalone","Logbook","2017-05-08","Yes","Daily Planning","self care","10","Medium","","","2017-05-05","",
"Task","Standalone","Logbook","2017-01-15","Yes","theology research","church","10","Medium","","","2017-01-15","",
"Task","Standalone","Logbook","2017-01-23","Yes","theology research","church","10","Medium","","","2017-01-22","",
"Task","Standalone","Logbook","2017-01-22","Yes","Master Plan - Check 'Later'","self care","45","Medium","","","2017-01-15","",
"Task","Standalone","Logbook","2017-01-09","Yes","theology research","church","10","Medium","","","2017-01-07","",
"Task","Standalone","Logbook","2017-02-27","","Get coconut oil","","","","","","","",
"Task","Standalone","Logbook","2017-05-01","","love will tear us apart","","","","","","","",
"Task","Standalone","Logbook","2017-01-31","Yes","pay tax preparation bill","business","10","Medium","","","2017-01-25","",
"Task","Standalone","Logbook","2017-01-24","Yes","Master Plan - Check 'Later'","self care","45","Medium","","","2017-01-22","",
"Task","Standalone","Logbook","2017-01-15","Yes","Daily Planning","self care","10","Medium","","","2017-01-15","",
"Task","Standalone","Logbook","2017-01-07","","laundry","human","30","Medium","","","","",
"Task","Standalone","Logbook","2017-01-23","Yes","Daily Planning","self care","10","Medium","","","2017-01-22","",
"Task","Standalone","Logbook","2017-01-09","Yes","Daily Planning","self care","10","Medium","","","2017-01-07","",
"Task","Standalone","Logbook","2017-02-27","Yes","reinterview for living ordinance","","","","","","2017-02-26","",
"Task","Standalone","Logbook","2017-02-14","","change useless old-timey three keys on 105-key keyboard to something??","","","","","","","",
"Task","Standalone","Logbook","2017-01-14","","Deposit and sign agreement with Midwestern","professional dev","30","Low","","","2017-01-19","",
"Task","Standalone","Logbook","2017-01-19","","See about text graphics library and if […]","","","","","","","See about text graphics library and if flask can do WSGI sockets",
"Task","Standalone","Logbook","2017-01-06","Yes","theology research","church","10","Medium","","","2017-01-05","",
"Task","Standalone","Logbook","2017-01-06","Yes","Daily Planning","self care","10","Medium","","","2017-01-05","",
"Task","Standalone","Logbook","2017-02-13","Yes","Call number to set up appointment for stake interview","Kelsey,church,family,home in Orem only","60","Medium","","","2017-01-28","",
"Task","Standalone","Logbook","2017-01-19","Yes","theology research","church","10","Medium","","","2017-01-17","",
"Task","Standalone","Logbook","2017-01-19","Yes","Daily Planning","self care","10","Medium","","","2017-01-17","",
"Project","Standalone","Logbook","2017-01-30","","Invitations","Kelsey,family","","","","","","",
"Task","Standalone","Logbook","2017-01-22","","Finish addresses","family","45","High","","","2017-01-23","",
"Task","Standalone","Logbook","2016-12-29","","Reset Anki Premed Latin Deck","professional dev","30","Low","","","","",
"Task","Standalone","Logbook","2017-02-15","Yes","Daily Planning","self care","10","Medium","","","2017-02-14","",
"Task","Standalone","Logbook","2017-02-16","Yes","theology research","church","10","Medium","","","2017-02-14","",
"Task","Standalone","Logbook","2017-02-14","","check tire stem caps","human","5","Low","","","","",
"Task","Standalone","Logbook","2017-02-24","Yes","theology research","church","10","Medium","","","2017-02-21","",
"Task","Standalone","Logbook","2017-02-22","Yes","Daily Planning","self care","10","Medium","","","2017-02-21","",
"Task","Standalone","Logbook","2017-05-01","","Do taxes","","","","","","","",
"Task","Standalone","Logbook","2017-01-09","Yes","theology research","church","10","Medium","","","2017-01-09","",
"Task","Standalone","Logbook","2017-02-24","Yes","theology research","church","10","Medium","","","2017-02-23","",
"Task","Standalone","Logbook","2017-01-09","Yes","Daily Planning","self care","10","Medium","","","2017-01-09","",
"Task","Standalone","Logbook","2017-02-24","Yes","Daily Planning","self care","10","Medium","","","2017-02-23","",
"Task","Standalone","Logbook","2017-02-14","","Get sunglasses","","","","","","","",
"Task","Standalone","Logbook","2017-02-27","Yes","theology research","church","10","Medium","","","2017-02-26","",
"Task","Standalone","Logbook","2017-02-27","Yes","Daily Planning","self care","10","Medium","","","2017-02-26","",
"Task","Standalone","Logbook","2017-03-28","Yes","Master Plan - Check 'Later'","self care","45","Medium","","","2017-03-19","",
"Task","Standalone","Logbook","2017-05-08","Yes","Daily Planning","self care","10","Medium","","","2017-05-04","",
"Task","Standalone","Logbook","2017-01-07","","figure out taxes","human","15","High","","","","",
"Task","Standalone","Logbook","2017-05-08","Yes","Daily Planning","self care","10","Medium","","","2017-05-06","",
"Task","Standalone","Logbook","2017-01-07","Yes","theology research","church","10","Medium","","","2017-01-06","",
"Task","Standalone","Logbook","2017-01-30","Yes","theology research","church","10","Medium","","","2017-01-29","",
"Task","Standalone","Logbook","2017-01-07","Yes","Daily Planning","self care","10","Medium","","","2017-01-06","",
"Task","Standalone","Logbook","2017-02-14","Yes","Master Plan - Check 'Later'","self care","45","Medium","","","2017-01-29","",
"Task","Standalone","Logbook","2017-01-30","Yes","Daily Planning","self care","10","Medium","","","2017-01-29","",
"Task","Standalone","Logbook","2017-01-01","","figure out temple amount","church","30","Medium","","","2017-01-20","",
"Task","Standalone","Logbook","2016-12-27","","Welcome to Nirvana!","work","","","","","","Let's take a few minutes to get acquainted.  :-)We've placed a number of actions here and there with tips to get you started, plus a project named ""Brush up on GTD®"" for when you're ready to dive deeper.",
"Task","Standalone","Logbook","2016-12-28","","On mobile? try these gestures","","5","","","","","Here are a few gestures you'll want to have at your finger tips when using Nirvana on a phone or tablet: - Long-press to move me around - Swipe left and see what happens - Pull down to reveal search",
"Task","Standalone","Logbook","2017-02-24","Yes","Plan valentine's  day","Kelsey,family","30","High","","","2017-02-16","",
"Task","Standalone","Logbook","2017-01-22","Yes","theology research","church","10","Medium","","","2017-01-21","",
"Task","Standalone","Logbook","2017-02-14","Yes","apply for MWU housing stat","family,professional dev","120","High","","","2017-01-01","",
"Task","Standalone","Logbook","2017-01-22","","laundry","human","30","Medium","","","","",
"Task","Standalone","Logbook","2017-01-03","","Fast Sunday remind","","","","","","","",
"Task","Standalone","Logbook","2017-02-24","Yes","theology research","church","10","Medium","","","2017-02-22","",
"Task","Standalone","Logbook","2017-01-22","Yes","Daily Planning","self care","10","Medium","","","2017-01-21","",
"Task","Standalone","Logbook","2017-02-22","Yes","Daily Planning","self care","10","Medium","","","2017-02-22","",
"Task","Standalone","Logbook","2017-02-14","","get medical records for aflac","human","15","High","","","2017-07-31","",
"Task","Standalone","Logbook","2017-01-30","Yes","theology research","church","10","Medium","","","2017-01-26","",
"Task","Standalone","Logbook","2017-05-08","Yes","Master Plan - Check 'Later'","self care","45","Medium","","","2017-04-30","",
"Task","Standalone","Logbook","2017-01-30","Yes","Daily Planning","self care","10","Medium","","","2017-01-26","",
"Task","Standalone","Logbook","2017-01-19","","https://awesome-python.com/","","","","","","","",
"Task","Standalone","Logbook","2017-01-24","","smartwatch decision","self care","120","Low","","","","",
"Task","Standalone","Logbook","2017-02-27","Yes","theology research","church","10","Medium","","","2017-02-25","",
"Task","Standalone","Logbook","2017-02-27","Yes","Daily Planning","self care","10","Medium","","","2017-02-25","",
"Task","Standalone","Logbook","2016-12-30","","DC 89 comma","church","60","High","","","","",
"Task","Standalone","Logbook","2017-02-14","Yes","theology research","church","10","Medium","","","2017-01-31","",
"Task","Standalone","Logbook","2017-02-14","Yes","theology research","church","10","Medium","","","2017-02-07","",
"Task","Standalone","Logbook","2017-02-14","Yes","Daily Planning","self care","10","Medium","","","2017-01-31","",
"Task","Standalone","Logbook","2017-01-20","Yes","theology research","church","10","Medium","","","2017-01-19","",
"Task","Standalone","Logbook","2017-05-01","Yes","Look for todos at midwestern","professional dev","60","High","","","2017-02-01","",
"Task","Standalone","Logbook","2017-02-14","Yes","Daily Planning","self care","10","Medium","","","2017-02-07","",
"Task","Standalone","Logbook","2017-01-19","Yes","Daily Planning","self care","10","Medium","","","2017-01-19","",
"Task","Standalone","Logbook","2017-01-01","","why antinephilehites don't have to fight","church","60","High","","","","",
"Task","Standalone","Logbook","2017-01-12","Yes","theology research","church","10","Medium","","","2017-01-11","",
"Task","Standalone","Logbook","2017-01-12","Yes","Daily Planning","self care","10","Medium","","","2017-01-11","",
"Task","Standalone","Logbook","2017-02-15","Yes","prepare lesson","Dad,church","120","High","","","2017-02-04","",
"Task","Standalone","Logbook","2017-01-04","Yes","Daily Planning","self care","10","Medium","","","2017-01-04","",
"Task","Standalone","Logbook","2017-02-14","Yes","theology research","church","10","Medium","","","2017-02-12","",
"Task","Standalone","Logbook","2017-02-14","Yes","Master Plan - Check 'Later'","self care","45","Medium","","","2017-02-12","",
"Task","Standalone","Logbook","2017-02-14","Yes","Daily Planning","self care","10","Medium","","","2017-02-12","",
"Task","Standalone","Logbook","2017-01-13","Yes","Save all addresses for invitations","Dad,Mom,family,home in Orem only","60","High","","","2017-01-09","",
"Task","Standalone","Logbook","2017-02-24","Yes","theology research","church","10","Medium","","","2017-02-17","",
"Task","Standalone","Logbook","2017-02-22","Yes","Daily Planning","self care","10","Medium","","","2017-02-17","",
"Task","Standalone","Logbook","2017-02-24","Yes","do lunch in advance","human","60","High","","","2017-02-19","",
"Task","Standalone","Logbook","2017-01-02","Yes","theology research","church","10","Medium","","","2017-01-02","",
"Task","Standalone","Logbook","2017-01-03","Yes","Daily Planning","self care","10","Medium","","","2017-01-02","",
"Task","Standalone","Logbook","2017-02-14","Yes","theology research","church","10","Medium","","","2017-02-09","",
"Task","Standalone","Logbook","2017-02-14","Yes","Daily Planning","self care","10","Medium","","","2017-02-09","",
"Task","Standalone","Logbook","2017-02-14","","dropped hint at work for invitations?","","","","","","","",
"Task","Standalone","Logbook","2017-01-02","","tell Kels about making broiler work like wood-fired oven","Kelsey,family","15","Low","","","","",
"Task","Standalone","Logbook","2017-02-24","Yes","theology research","church","10","Medium","","","2017-02-20","",
"Task","Standalone","Logbook","2017-02-22","Yes","Daily Planning","self care","10","Medium","","","2017-02-20","",
"Task","Standalone","Logbook","2016-12-30","Yes","theology research","church","10","Medium","","","2016-12-30","",
"Task","Standalone","Logbook","2017-02-24","Yes","read article from dad","church","15","Low","","","2017-02-18","",
"Task","Standalone","Logbook","2016-12-30","Yes","Daily Planning","self care","10","Medium","","","2016-12-30","",
"Task","Standalone","Logbook","2017-02-14","Yes","theology research","church","10","Medium","","","2017-02-05","",
"Task","Standalone","Logbook","2017-02-14","Yes","Master Plan - Check 'Later'","self care","45","Medium","","","2017-02-05","",
"Task","Standalone","Logbook","2017-02-14","Yes","Daily Planning","self care","10","Medium","","","2017-02-05","",
"Task","Standalone","Logbook","2017-01-17","Yes","theology research","church","10","Medium","","","2017-01-16","",
"Task","Standalone","Logbook","2017-01-17","Yes","Daily Planning","self care","10","Medium","","","2017-01-16","",
"Task","Standalone","Logbook","2017-02-14","Yes","theology research","church","10","Medium","","","2017-02-13","",
"Task","Standalone","Logbook","2017-01-22","Yes","theology research","church","10","Medium","","","2017-01-20","",
"Task","Standalone","Logbook","2017-02-14","Yes","Daily Planning","self care","10","Medium","","","2017-02-13","",
"Task","Standalone","Logbook","2017-01-06","Yes","Label snoeshoes","church,home in Orem only,human","10","Low","","","2017-01-05","",
"Task","Standalone","Logbook","2017-01-22","Yes","Daily Planning","self care","10","Medium","","","2017-01-20","",
"Task","Standalone","Logbook","2017-01-15","Yes","theology research","church","10","Medium","","","2017-01-14","",
"Task","Standalone","Logbook","2017-01-12","Yes","theology research","church","10","Medium","","","2017-01-10","",
"Task","Standalone","Logbook","2017-01-22","Yes","do lunch in advance","human","60","High","","","2017-01-22","",
"Task","Standalone","Logbook","2017-01-19","","laundry","human","30","Medium","","","","",
"Task","Standalone","Logbook","2017-01-12","Yes","Daily Planning","self care","10","Medium","","","2017-01-10","",
"Task","Standalone","Logbook","2017-01-14","Yes","Daily Planning","self care","10","Medium","","","2017-01-14","",
"Task","Standalone","Logbook","2017-02-24","Yes","theology research","church","10","Medium","","","2017-02-15","",
"Project","Standalone","Logbook","2017-03-28","","Do Funding apps for MWU","professional dev","","","","","2017-06-30","",
"Task","Standalone","Logbook","2017-02-24","Yes","theology research","church","10","Medium","","","2017-02-16","",
"Task","Standalone","Logbook","2017-02-22","Yes","Daily Planning","self care","10","Medium","","","2017-02-15","",
"Task","Standalone","Logbook","2017-02-22","Yes","Daily Planning","self care","10","Medium","","","2017-02-16","",
"Task","Standalone","Logbook","2017-01-24","","Decline other schools","professional dev","30","Low","","","","",
"Task","Standalone","Logbook","2017-02-14","Yes","theology research","church","10","Medium","","","2017-02-02","",
"Task","Standalone","Logbook","2017-03-28","Yes","Figure out loan stuff","business","30","High","","","2017-02-01","",
"Task","Standalone","Logbook","2016-12-28","Yes","theology research","church","10","Medium","","","2016-12-28","",
"Task","Standalone","Logbook","2017-02-14","Yes","Daily Planning","self care","10","Medium","","","2017-02-02","",
"Task","Standalone","Logbook","2017-01-25","Yes","theology research","church","10","Medium","","","2017-01-24","",
"Task","Standalone","Logbook","2017-01-25","Yes","Daily Planning","self care","10","Medium","","","2017-01-24","",
"Task","Standalone","Logbook","2017-05-01","","Screen protector","home in Orem only,human","30","Medium","","","","",
"Task","Standalone","Logbook","2017-01-31","Yes","theology research","church","10","Medium","","","2017-01-30","",
"Task","Standalone","Logbook","2017-01-31","Yes","Daily Planning","self care","10","Medium","","","2017-01-30","",
"Task","Standalone","Logbook","2017-01-15","Yes","Prepare Sunday School Lesson","Dad,church","60","High","","","2017-01-15","",
"Task","Standalone","Logbook","2017-01-25","Yes","Get honeymoon arrangements","Dad,Kelsey,Mom,family,home in Orem only","120","High","","","2017-01-30","Talk to everybody about the honeymoon and plan and buy stuff",
"Task","Standalone","Logbook","2017-02-14","Yes","theology research","church","10","Medium","","","2017-02-10","",
"Task","Standalone","Logbook","2017-02-14","Yes","Daily Planning","self care","10","Medium","","","2017-02-10","",
"Task","Standalone","Logbook","2017-02-14","Yes","do lunch in advance","human","60","High","","","2017-02-12","",
"Project","Standalone","Logbook","2017-01-30","","Wedding Website","Kelsey,family","","","","","","",
"Task","Standalone","Logbook","2017-05-03","Yes","Daily Planning","self care","10","Medium","","","2017-05-03","",
"Task","Standalone","Logbook","2017-01-01","Yes","theology research","church","10","Medium","","","2017-01-01","",
"Task","Standalone","Logbook","2017-01-02","Yes","Master Plan","self care","45","Medium","","","2017-01-01","",
"Task","Standalone","Logbook","2017-01-30","Yes","theology research","church","10","Medium","","","2017-01-28","",
"Task","Standalone","Logbook","2017-01-01","Yes","Daily Planning","self care","10","Medium","","","2017-01-01","",
"Task","Standalone","Logbook","2017-01-30","","laundry","human","30","Medium","","","","",
"Task","Standalone","Logbook","2017-01-30","Yes","Daily Planning","self care","10","Medium","","","2017-01-28","",
"Task","Standalone","Logbook","2017-01-08","Yes","theology research","church","10","Medium","","","2017-01-08","",
"Task","Standalone","Logbook","2017-02-14","Yes","theology research","church","10","Medium","","","2017-02-01","",
"Task","Standalone","Logbook","2017-01-04","Yes","theology research","church","10","Medium","","","2017-01-03","",
"Task","Standalone","Logbook","2017-01-09","Yes","Master Plan - Check 'Later'","self care","45","Medium","","","2017-01-08","",
"Task","Standalone","Logbook","2017-02-14","Yes","Daily Planning","self care","10","Medium","","","2017-02-01","",
"Task","Standalone","Logbook","2017-01-04","Yes","Daily Planning","self care","10","Medium","","","2017-01-03","",
"Task","Standalone","Logbook","2017-01-08","Yes","Daily Planning","self care","10","Medium","","","2017-01-08","",
"Task","Standalone","Logbook","2017-02-14","","load portableapps w/ veracrypt and encrypted block to cloud service","home in Orem only,self care","45","Low","","","","",
"Task","Standalone","Logbook","2017-05-08","Yes","Daily Planning","self care","10","Medium","","","2017-05-08","",
"Task","Standalone","Logbook","2017-01-24","Yes","theology research","church","10","Medium","","","2017-01-23","",
"Task","Standalone","Logbook","2017-01-24","Yes","Daily Planning","self care","10","Medium","","","2017-01-23","",
"Task","Standalone","Logbook","2016-12-28","Yes","Daily Planning","self care","10","Medium","","","2016-12-28","",
"Task","Standalone","Logbook","2017-02-14","Yes","theology research","church","10","Medium","","","2017-02-11","",
"Task","Standalone","Logbook","2017-02-14","Yes","Daily Planning","self care","10","Medium","","","2017-02-11","",
"Task","Standalone","Logbook","2017-02-24","Yes","theology research","church","10","Medium","","","2017-02-19","",
"Task","Standalone","Logbook","2017-02-24","Yes","Add todos from marriage instructions","Kelsey,family","15","Low","","","2017-02-18","",
"Task","Standalone","Logbook","2017-02-22","Yes","Daily Planning","self care","10","Medium","","","2017-02-19","",
"Task","Standalone","Logbook","2017-01-22","","put away laundry","home in Orem only,human","30","High","","","","",
"Task","Standalone","Logbook","2017-02-14","Yes","theology research","church","10","Medium","","","2017-02-03","",
"Task","Standalone","Logbook","2017-02-14","Yes","theology research","church","10","Medium","","","2017-02-08","",
"Task","Standalone","Logbook","2017-02-14","Yes","Daily Planning","self care","10","Medium","","","2017-02-03","",
"Task","Standalone","Logbook","2017-02-14","Yes","Daily Planning","self care","10","Medium","","","2017-02-08","",
"Task","Standalone","Logbook","2017-02-24","Yes","theology research","church","10","Medium","","","2017-02-18","",
"Task","Standalone","Logbook","2017-02-14","Yes","do lunch in advance","human","60","High","","","2017-02-05","",
"Task","Standalone","Logbook","2017-02-24","Yes","Pursue stake interview","Kelsey,church,family","30","High","","","2017-02-18","",
"Task","Standalone","Logbook","2017-02-22","Yes","Daily Planning","self care","10","Medium","","","2017-02-18","",
"Task","Standalone","Logbook","2017-05-01","","take 4runner to mechanic for transmission cold no-drive Drive","Dad,human,only on errand-run","180","High","","","","",
"Task","Standalone","Logbook","2017-05-01","","deal with last ihc bill","","","","","","","",
"Task","Standalone","Logbook","2017-02-24","Yes","Do valentine's day","","60","High","","","2017-02-06","",
"Task","Standalone","Logbook","2016-12-29","Yes","theology research","church","10","Medium","","","2016-12-29","",
"Task","Standalone","Logbook","2017-01-14","Yes","theology research","church","10","Medium","","","2017-01-12","",
"Task","Standalone","Logbook","2016-12-29","Yes","Daily Planning","self care","10","Medium","","","2016-12-29","",
"Task","Standalone","Logbook","2017-01-14","Yes","Daily Planning","self care","10","Medium","","","2017-01-12","",
"Task","Standalone","Logbook","2017-05-01","","address transmission cold issue","human","120","High","","","","",
"Task","Standalone","Logbook","2017-01-19","Yes","theology research","church","10","Medium","","","2017-01-18","",
"Task","Standalone","Logbook","2017-02-27","","When is good for watching across the […]","","","","","","","When is good for watching across the universe",
"Task","Standalone","Logbook","2017-01-19","Yes","Daily Planning","self care","10","Medium","","","2017-01-18","",
"Task","Standalone","Logbook","2017-05-01","","Finish Uninstall from Todoist","home in Orem only,self care","30","Low","","","","",
"Task","Standalone","Logbook","2017-02-24","","Shine shoes","","","","","","","",
"Task","Standalone","Logbook","2017-01-26","Yes","theology research","church","10","Medium","","","2017-01-25","",
"Task","Standalone","Logbook","2017-05-02","Yes","Daily Planning","self care","10","Medium","","","2017-05-02","",
"Task","Standalone","Logbook","2017-01-26","Yes","Daily Planning","self care","10","Medium","","","2017-01-25","",
"Task","Standalone","Logbook","2017-01-19","","download fish","","","","","","","",
"Task","Standalone","Logbook","2017-01-30","Yes","theology research","church","10","Medium","","","2017-01-27","",
"Task","Standalone","Logbook","2017-01-30","Yes","Daily Planning","self care","10","Medium","","","2017-01-27","",
"Task","Standalone","Logbook","2017-02-24","","Gift goes to dinner","","","","","","","",
"Task","Standalone","Logbook","2017-01-30","Yes","do lunch in advance","human","60","High","","","2017-01-29","",
"Task","Standalone","Logbook","2017-05-01","Yes","plan tax filings","business","30","Low","","","2017-04-01","",
"Task","Standalone","Logbook","2017-01-01","Yes","theology research","church","10","Medium","","","2016-12-31","",
"Task","Standalone","Logbook","2017-01-09","","put away laundry","home in Orem only,human","30","Medium","","","","",
"Task","Standalone","Logbook","2017-01-01","Yes","Daily Planning","self care","10","Medium","","","2016-12-31","",
"Task","Standalone","Logbook","2017-02-24","Yes","theology research","church","10","Medium","","","2017-02-24","",
"Task","Standalone","Logbook","2017-02-24","Yes","Daily Planning","self care","10","Medium","","","2017-02-24","",
"Task","Standalone","Logbook","2017-02-14","Yes","theology research","church","10","Medium","","","2017-02-06","",
"Task","Standalone","Logbook","2017-02-14","Yes","Daily Planning","self care","10","Medium","","","2017-02-06","",
"Task","Standalone","Logbook","2017-02-14","Yes","theology research","church","10","Medium","","","2017-02-04","",
"Task","Standalone","Logbook","2017-02-14","","laundry","human","30","Medium","","","","",
"Task","Standalone","Logbook","2017-02-14","Yes","Daily Planning","self care","10","Medium","","","2017-02-04","",
"Task","Standalone","Logbook","2017-05-01","","Start posting student loans?","","","","","","","",
"Task","Standalone","Logbook","2017-05-01","","revisit fitness goals","self care","30","Low","","","","",
"Task","Standalone","Logbook","2017-01-14","Yes","theology research","church","10","Medium","","","2017-01-13","",
"Task","Standalone","Logbook","2017-03-21","","Take in json as multi index","","","","","","","",
"Task","Standalone","Logbook","2017-01-14","Yes","Daily Planning","self care","10","Medium","","","2017-01-13","",
"Task","Standalone","Logbook","2017-01-22","","Need washer and dryer? Check midwestern etc.","","","","","","","",
"Task","Standalone","Logbook","2017-02-24","","Add solution to bad phone corner and repress, or trim?","home in Orem only,human","30","Medium","","","","",
"Task","Standalone","Logbook","2017-02-27","Yes","theology research","church","10","Medium","","","2017-02-27","",
"Task","Standalone","Logbook","2017-02-27","Yes","Daily Planning","self care","10","Medium","","","2017-02-27","",
"Task","Cryophor","Logbook","2017-01-15","","Decide between webserver and gui for interface","self care","","","","","","",
"Task","Wedding Website","Logbook","2017-01-26","","Put up parking instructions/diagrams at reception site","","","","","","","",
"Task","Wedding Website","Logbook","2017-01-31","","Write ""our story"" for website","","","","","","","",
"Task","Wedding Website","Logbook","2017-01-26","","Add registry to website in unobtrusive manner","","","","","","","",
"Task","Altius conversions","Logbook","2017-01-04","","Gage 18","","","","","","","",
"Task","Altius conversions","Logbook","2017-01-08","","BB::Kelly SA 1","","","","","","","",
"Task","Altius conversions","Logbook","2017-01-08","","BB::Speshock 17","","","","","","","",
"Task","Altius conversions","Logbook","2017-01-12","","BB::Pavlik 4","","45","Medium","","","","",
"Task","Altius conversions","Logbook","2017-01-22","","BB::Rosenberg 4","","45","Medium","","","","",
"Task","Altius conversions","Logbook","2016-12-29","","Cady 21","","","","","","","",
"Task","Altius conversions","Logbook","2016-12-30","","Cady 22","","","","","","","",
"Task","Altius conversions","Logbook","2016-12-30","","Cady 23","","","","","","","",
"Task","Altius conversions","Logbook","2017-01-04","","Cady 25","","","","","","","",
"Task","Altius conversions","Logbook","2017-01-04","","Cady SA","","","","","","","",
"Task","Altius conversions","Logbook","2017-01-04","","Rosenberg 19","","","","","","","",
"Task","Altius conversions","Logbook","2017-01-04","","Rosenberg 20","","","","","","","",
"Task","Altius conversions","Logbook","2017-01-08","","Rosenberg SA","","","","","","","",
"Task","Altius conversions","Logbook","2017-01-24","","last CP","","30","Low","","","","",
"Task","Altius conversions","Logbook","2017-01-04","","set up sharing right","","","","","","","",
"Task","Altius conversions","Logbook","2017-01-24","","Recheck capitalizing","","30","Medium","","","","",
"Task","Altius conversions","Logbook","2016-12-30","","Werner 1","","","","","","","",
"Task","Altius conversions","Logbook","2016-12-30","","Gage 18","","","","","","","",
"Task","Altius conversions","Logbook","2017-01-04","","Cady 24","","","","","","","",
"Task","Altius conversions","Logbook","2017-01-04","","Werner 1","","","","","","","",
"Task","Altius conversions","Logbook","2017-01-08","","Werner 3","","","","","","","",
"Task","Altius conversions","Logbook","2017-01-08","","Cady 12","","","","","","","",
"Task","Altius conversions","Logbook","2017-01-08","","Cady 11","","","","","","","",
"Task","Invitations","Logbook","2017-01-22","","Make invitation","","120","High","","","","",
"Task","Invitations","Logbook","2017-01-22","","Make sealing insert","","45","High","","","","",
"Task","Invitations","Logbook","2017-01-22","","Make dinner insert","","45","High","","","","",
"Task","Invitations","Logbook","2017-01-22","","Make registry insert?","","30","Medium","","","","",
"Task","Invitations","Logbook","2017-01-31","","Send Invitations","","60","Low","","","","",
"Task","Invitations","Logbook","2017-01-22","","Print invitations & inserts","","180","Low","","","","",
"Task","Invitations","Logbook","2017-01-31","","Create packages as ordered by Guest List PivotTable","","360","High","","","","",
"Task","Invitations","Logbook","2017-01-31","","Address envelopes","","240","High","","","","K has to do this part, A's handwriting is not appropriate",
"Task","Invitations","Logbook","2017-01-31","Yes","Finish addresses","","60","Medium","","","2017-01-24","",
"Task","Do Funding apps for MWU","Logbook","2017-05-01","","FAFSA","","","","","","","",
"Task","Do Funding apps for MWU","Logbook","2017-05-01","","MWU Application","","","","","","","",
"Task","Do Funding apps for MWU","Logbook","2017-05-01","","Entrance Counseling","","","","","","","",
"Task","Do Funding apps for MWU","Logbook","2017-05-01","","Direct Unsubsidized Loan","","","","","","","",
"Task","Do Funding apps for MWU","Logbook","2017-05-01","","Direct Graduate PLUS Loan","","","","","","","",
"Task","Do Funding apps for MWU","Logbook","2017-05-01","Yes","check submission status","","","","","","2017-03-20","",
"Task","Standalone","Scheduled/Repeating","","","Master Plan - Check 'Later'","self care","45","Medium","","2017-06-18","","",
"Task","Standalone","Scheduled/Repeating","","","Daily Planning","self care","10","Medium","","2017-06-13","","",
"Project","Standalone","","","","possible next education steps","professional dev,self care","","","","","","",
"Project","Standalone","","","","theology research topics","church","","","","","","",
"Project","Standalone","","","","goods to find","human","","","","","","",
"Project","Standalone*","","","","Hope is your own personal goals","","","","","","","",
"Project","Standalone*","","","","Salvador movie","","","","","","","",
"Project","Standalone*","","","","Moneyball","","","","","","","",
"Project","Standalone*","","","","riftworld by peter watts","","","","","","","",
"Project","Standalone*","","","","Fwd: Time crimes","","","","","","","---------- Forwarded message ----------From: <accrist@gmail.com>Date: Wed, Apr 19, 2017 at 1:33 PMSubject: Time crimesTo: accrist@gmail.com",
"Project","Standalone*","","","","Fwd: About time","","","","","","","---------- Forwarded message ----------From: <accrist@gmail.com>Date: Wed, Apr 19, 2017 at 1:34 PMSubject: About timeTo: accrist@gmail.com",
"Project","Standalone*","","","","Temple Grandin","","","","","","","",
"Project","Standalone*","","","","The infiltrator","","","","","","","",
"Project","Standalone*","","","","Snowden","","","","","","","",
"Project","Standalone*","","","","http://telegra.ph","","","","","","","",
"Project","Standalone*","","","","Big easel paper","","","","","","","",
"Project","Standalone*","","","","sequel to 2001","","","","","","","",
"Project","Standalone*","","","","heavy metal","","","","","","","",
"Project","Standalone*","","","","mr nobody","","","","","","","",
"Project","Standalone*","","","","silent running","","","","","","","",
"Project","Standalone*","","","","brick","","","","","","","",
"Project","Standalone*","","","","green mile","","","","","","","",
"Project","Standalone*","","","","equilibrium","","","","","","","",
"Project","Standalone*","","","","strange days '95","","","","","","","",
"Project","Standalone*","","","","eXistenZ '99","","","","","","","",
"Project","Standalone*","","","","primal fear","","","","","","","",
"Project","Standalone*","","","","Sunshine '07","","","","","","","",
"Project","Standalone*","","","","shutter island","","","","","","","",
"Project","Standalone*","","","","the sphere","","","","","","","",
"Project","Standalone*","","","","moon","","","","","","","",
"Project","Standalone*","","","","mystic river","","","","","","","",
"Project","Standalone*","","","","prisonders","","","","","","","",
"Project","Standalone*","","","","the machinist","","","","","","","",
"Project","Standalone*","","","","jacob's ladder","","","","","","","",
"Project","Standalone*","","","","american psycho","","","","","","","",
"Project","Standalone*","","","","Statistics 110 by Harvard","","","","","","","",
"Project","Standalone*","","","","EdX Probability and statistics","","","","","","","",
"Project","Standalone*","","","","Julia programming language","","","","","","","a tiny bit more restricted and harder to learn than python (though it's similar), but JIT compiled and wickedly fast",
"Project","Standalone","Active","","","Altius conversions","Altius,side hustles","","","","","","",
"Project","Standalone","Active","","","Cryophor","","","","","","2017-07-01","",
"Project","Standalone","Active","","","Gratitude notes for medical school","professional dev","","","","","2017-06-30","",
